Classic Editor,https://wordpress.org/plugins/classic-editor/,1006
Akismet Spam Protection,https://wordpress.org/plugins/akismet/,919
"Jetpack – WP Security, Backup, Speed, & Growth",https://wordpress.org/plugins/jetpack/,1638
Gutenberg,https://wordpress.org/plugins/gutenberg/,3435
Classic Editor,https://wordpress.org/plugins/classic-editor/,1006
Akismet Spam Protection,https://wordpress.org/plugins/akismet/,919
"Jetpack – WP Security, Backup, Speed, & Growth",https://wordpress.org/plugins/jetpack/,1638
Gutenberg,https://wordpress.org/plugins/gutenberg/,3435
Classic Editor,https://wordpress.org/plugins/classic-editor/,1006
Akismet Spam Protection,https://wordpress.org/plugins/akismet/,919
"Jetpack – WP Security, Backup, Speed, & Growth",https://wordpress.org/plugins/jetpack/,1638
Gutenberg,https://wordpress.org/plugins/gutenberg/,3435
Classic Editor,https://wordpress.org/plugins/classic-editor/,1006
Akismet Spam Protection,https://wordpress.org/plugins/akismet/,919
"Jetpack – WP Security, Backup, Speed, & Growth",https://wordpress.org/plugins/jetpack/,1638
Gutenberg,https://wordpress.org/plugins/gutenberg/,3435
